Designator,Footprint,Quantity,Value,LCSC Part #
J1,SolderWire-1sqmm_1x01_D1.4mm_OD2.7mm,1,Bat+,
J2,SolderWire-1sqmm_1x01_D1.4mm_OD2.7mm,1,GND,
J3,SolderWire-1sqmm_1x01_D1.4mm_OD2.7mm,1,5V,
R1,R_Axial_DIN0204_L3.6mm_D1.6mm_P7.62mm_Horizontal,1,10k,
R2,R_Axial_DIN0204_L3.6mm_D1.6mm_P7.62mm_Horizontal,1,20k,
SW1,SW_PUSH_6mm,1,SW_Push,
U1,MODULE_ESP32_DEVKIT_V1,1,ESP32-DEVKIT-V1,
U2,PinHeader_1x07_P2.54mm_Vertical,1,BME280,
U3,PinHeader_1x07_P2.54mm_Vertical,1,pm25sensor,
U4,PinHeader_1x06_P2.54mm_Vertical,1,lidar,
